numero,nombre,fechaCaducidad,codigoAutorizacion
3974 8228 3584 7557,Gabriel Vallejo Cozar,07/29,861
8358 7517 5756 8128,Blas Gonzalez Punset,08/33,966
6786 4515 3874 4054,Francisco Ribera Pelaez,12/26,828
1282 0772 3884 8468,Clodoveo San Poza,06/32,488
9298 5726 0461 9939,Eva Pelaez Martinez,01/32,011
5085 5866 3374 6636,Pedro Coll Avila,04/26,824
4705 0441 8548 5505,Sofia Argudo Narvaez,12/30,115
2983 3994 6456 9038,Eva Pomares Gonzalez,08/32,258
2693 1522 8708 2573,Enjuto Padro Gibson,01/33,231
9779 3784 1842 4204,Francisco Garau Martinez,12/33,461
1862 6756 5686 7757,Hugo Dans Gonzalez,06/32,708
3063 7087 2823 0161,Jose Dans Gibson,04/30,609
5966 8588 3834 8538,Jose Cozar Padro,06/31,446
2763 4785 5565 3324,Alfredo Morales Argudo,08/29,966
8738 7477 5595 0842,Luisa Pelaez Gonzalez,08/27,210
9499 0261 9509 1422,Clodoveo Pelaez Torres,11/28,519
4935 8978 2493 0411,Alfredo Reyes Gonzalez,03/29,903
3294 6166 8748 5415,Jose Locke Gonzalez,08/27,894
7747 7457 1012 6686,Sofia Punset Linus,03/31,677
8408 3514 7677 0291,John Moreno Argudo,07/30,932
5906 0451 5575 4525,Clodoveo Avila Moss,02/34,492
7247 3424 8888 8708,Restituta Punset Gibson,10/29,085
0361 4675 9018 7017,Jack Vallejo Lobo,11/27,384
1042 4535 5716 0682,Pedro Pomares San,11/31,793
7287 1963 1772 9749,Blas Gibson Vallejo,02/30,889
8778 7227 0862 9489,Margarita Sparrow Moss,12/27,874
4845 6576 0601 9759,Emiliano Padro Cozar,02/33,462
6766 2253 9929 6026,John Moss Ribas,01/26,350
8017 3684 5415 1612,Gonzalo Marques Avila,06/29,910
9859 3404 2093 9158,Randall Lopez Pomares,12/29,300
3814 7427 2393 3254,Eva Lobo Moreno,06/31,627
6006 8518 4735 4074,Irene Sparrow Moss,06/28,606
9399 0892 5636 1192,Petra Marques Padro,08/32,031
8007 5505 4374 0251,Jack Dans Dans,01/35,887
8518 6156 6036 5435,Jose Argudo Gracia,06/28,835
9308 4575 6997 3113,Camilo Gibson Pelaez,01/26,041
3254 7787 1482 2593,Emiliano Linus Mojamuto,11/27,659
9829 4685 0982 3914,Pedro Vallejo Ribera,10/27,116
5535 6346 7057 1542,John Locke Avila,07/33,088
4214 2683 1312 8208,Petra Moreno Dans,07/34,151
1102 5746 7027 2073,Blas Gibson Poza,09/32,356
4034 7877 8978 6136,Clodoveo Torres Sparrow,04/28,737
9238 2483 7277 1212,Gabriel Marques Garau,09/28,745
5315 9338 9218 0391,Hugo Marques Ribera,01/33,816
5055 0702 2123 8678,Armando San Mojamuto,01/26,041
5555 1002 1662 9258,Margarita Pelaez Punset,11/27,684
8888 7967 0722 3374,Margarita Gracia Marques,03/26,160
3424 5926 8168 9268,Randall Coll Marques,03/33,746
5816 5195 8828 3073,Randall Mojamuto Mas,09/30,199
1202 5495 9909 8288,Kate Sparrow Sparrow,03/29,220
0391 1202 1632 1322,Alberto Gonzalez Pomares,04/26,720
6836 6716 6566 1993,Clodoveo Gibson Ribera,10/34,375
5365 9198 7407 4795,Blas Morales Moreno,05/32,188
3744 9769 8408 6897,Gonzalo Pomares Lopez,09/34,207
2473 9789 6256 3974,Jack Marques Avila,03/28,965
1973 8418 4224 8598,Randall Gibson Ribas,09/34,515
3774 2663 5305 2293,Jose Gibson Martinez,12/31,831
0381 6496 6596 7247,Camilo Sparrow Dominguez,02/28,746
4344 0131 2683 2683,Gonzalo Cozar San,08/27,539
8097 6826 1042 0241,Emiliano Ribas Padro,10/33,007
3894 4104 0762 7777,Emiliano Sparrow Mas,10/30,699
2793 9829 9128 5285,Enjuto Lopez Lobo,12/32,956
6716 0001 9599 0211,Enjuto Poza Gibson,10/27,058
5255 5796 7247 1662,Alfredo Pelaez Mojamuto,03/26,889
6416 9669 1152 4064,Emiliano Ribera Padro,08/30,856
0441 7607 8998 0712,Margarita Mas Linus,06/34,174
4014 8218 4465 4745,Jose Torres Martinez,01/32,332
0211 0221 6236 6536,Eva Lobo Pelaez,11/32,842
7177 1262 9859 3934,Pedro Punset Marques,06/27,392
7417 2543 0912 8107,Emiliano Linus Pomares,02/32,376
1923 6076 9178 0822,Margarita Moreno Torres,01/33,952
3704 9929 5726 6216,Luis Argudo Morales,02/31,462
4985 2953 5315 3204,Blas Dans Vallejo,07/29,793
1032 4034 7067 7437,Benjamin Cozar Garau,08/30,002
9639 1312 6376 3334,Camilo Pelaez Cozar,11/34,318
7667 8868 7167 5185,Alberto Pelaez Pelaez,07/27,208
4915 0081 5926 2003,Benjamin Mojamuto Sparrow,06/33,757
8378 6326 0882 7237,Gonzalo Vallejo Mojamuto,02/33,625
6156 8478 3974 4214,Luisa Vallejo Linus,02/26,661
6146 2403 2853 2043,Petra Locke Argudo,01/26,503
8428 2223 1462 7937,Emiliano Lopez San,11/34,094
4645 2653 3454 7807,Hugo Dominguez Dominguez,01/30,138
5245 4164 7797 1632,Jack Garau Punset,04/30,457
8077 7437 1072 7127,Eva Lobo Lopez,10/33,686
9759 5285 0672 0912,Gabriel Lopez Padro,06/30,869
1752 9088 4024 1282,John Lobo San,06/30,314
3444 8768 6156 0802,Luisa Padro Linus,08/31,048
7907 2163 9789 0301,John Dans Lopez,10/33,338
1092 5756 3214 4635,Francisco Sparrow Punset,09/34,231
0832 5035 0792 7857,Restituta Vallejo Poza,04/34,998
8708 5856 8188 3404,Sofia Pomares Pelaez,02/26,649
0281 5736 0371 0131,Gonzalo Linus Punset,03/28,163
1402 1562 2193 7947,Jack Morales Ribera,08/29,336
2513 9048 7437 2053,Blas Lopez Martinez,06/29,695
7327 8117 5005 9899,Alberto Avila Garau,06/27,235
6196 4314 2833 7677,Pedro Locke Mojamuto,09/28,641
3033 8358 1532 4334,Eva Padro Locke,04/31,588
5445 5375 5425 1362,Enjuto Pomares Vallejo,01/27,763
5565 6286 2993 2603,Alberto Padro Lobo,11/30,623
6606 4855 8728 2863,John Moreno San,01/33,604
2863 3374 1692 0632,Luis Locke Moreno,02/26,984
6136 5465 2563 8628,Eva Poza Sparrow,02/30,628
1442 6887 2173 6736,Armando Lopez Linus,06/34,473
3284 6406 7257 9078,Margarita Poza Lopez,04/33,306
4865 7247 3334 8608,Armando Sparrow Pomares,10/29,896
8548 4435 0091 3444,Armando Morales Gonzalez,09/26,793
8508 3674 6316 1122,Blas Narvaez Punset,04/32,346
6296 2053 0611 2353,Eva Vallejo Mas,07/28,317
4975 3494 3994 0982,Alfredo Garau Lopez,05/26,337
8578 0642 4965 8728,Alfredo Narvaez Gibson,03/31,555
8158 7267 9839 4855,Enjuto Lobo Vallejo,11/34,028
6186 4415 7627 1002,Gabriel Punset Morales,09/27,658
5756 5666 1622 3424,Irene Gibson Locke,03/31,920
4895 7587 7117 3214,Clodoveo Marques Dominguez,05/33,495
7357 6806 9559 4415,Irene Avila Garau,09/28,401
1022 9819 5395 9208,Petra Martinez Dans,11/33,205
3154 2183 7487 9308,Gabriel San Morales,03/29,452
0501 7747 7297 2183,Alfredo Gracia Vallejo,07/27,076
9058 5896 4284 2123,Francisco Linus Torres,07/27,975
2893 8738 8718 1742,Eva Pelaez Coll,06/26,328
6496 5435 5355 4925,Enjuto Argudo Ribera,04/31,997
9969 3043 9248 9679,John Gracia Gracia,12/32,299
8107 1412 5025 6036,Benjamin Linus Garau,05/26,342
2813 3474 0702 4875,Alberto Gonzalez Gracia,10/33,712
1422 5956 5816 6786,Margarita Locke Reyes,02/32,979
4415 6306 0872 6166,Enjuto Gibson Gibson,08/32,858
2843 8168 8057 5876,Randall Gracia Gracia,10/27,557
6816 8828 9949 7107,Eva Gonzalez Cozar,04/27,635
0471 2193 6496 2203,Gonzalo Mojamuto Mas,06/27,089
5005 8558 2533 4735,Hugo Vallejo Narvaez,11/26,486
7157 7297 3804 0461,Luis Punset Cozar,07/31,006
5105 3724 0341 7287,Clodoveo Dans Dominguez,03/32,247
2943 4134 4164 2143,Jack Ribas Morales,11/34,896
5355 2923 9739 7647,Benjamin Morales Mojamuto,05/28,753
6927 8708 9489 4625,Jack Gonzalez Marques,08/33,856
2133 4395 0652 2983,Alfredo Ribera Padro,12/29,694
9168 4755 2373 3814,Francisco Ribas Ribera,06/26,119
7367 5515 2903 6917,Pedro Locke Vallejo,08/31,907
3384 7317 7127 5535,Benjamin Dans Cozar,02/31,099
3454 1652 3474 2113,Jose Gracia Gibson,09/28,670
6746 9459 2933 5736,Sofia Gibson Ribas,08/31,274
0421 5405 0211 1582,Pedro Linus Avila,11/31,460
0001 6226 6526 8158,Jose Narvaez Morales,09/32,695
9088 8628 0621 4555,Irene Ribera Coll,07/31,740
5896 5906 9589 4805,Pedro Cozar Martinez,03/28,592
9228 4364 4395 4425,Hugo Mas Lobo,03/27,677
7957 5215 3894 5125,Alberto Gracia Sparrow,11/27,042
6276 6106 1022 6096,Kate Pomares Mas,05/30,263
2323 5025 1492 9659,Jose Martinez Vallejo,03/32,992
2923 9128 3704 6756,John Padro Dans,08/32,996
5726 0722 9879 5375,Eva Sparrow Coll,02/27,182
3684 4615 6276 3694,Enjuto Locke Dans,10/34,976
4505 9749 3514 5605,Emiliano Cozar Dominguez,12/31,347
0852 4445 1472 9599,Emiliano San Gibson,07/26,146
4825 5676 5125 3804,Clodoveo Lobo Pelaez,08/27,847
3264 4094 4995 7477,Enjuto Marques Mas,05/32,463
6216 1032 8067 0271,Gonzalo Poza Reyes,08/32,807
3544 4635 8077 1842,Kate Argudo Locke,05/26,899
8188 0942 0271 7587,Francisco Pelaez Marques,01/30,140
8117 1402 5045 6356,Camilo Ribas Mas,12/31,191
0481 3604 5435 1352,Alfredo Gonzalez Cozar,10/26,086
3604 5585 9399 6086,Emiliano Torres Cozar,08/33,627
8838 3704 0992 5135,Gabriel Punset Moreno,06/32,628
2413 3864 1342 8878,Luisa San Torres,10/28,887
4395 4585 6726 7817,Sofia Pomares Morales,01/34,959
7577 9739 0281 9589,Camilo Martinez San,04/26,910
8168 2703 1412 4485,Enjuto Argudo Punset,02/29,360
8178 3224 1562 6877,Alfredo Gibson Morales,10/33,325
2463 2743 0041 6676,Petra Morales Narvaez,03/28,621
7507 9999 1893 3774,Armando Avila Pelaez,11/29,796
2183 8037 3734 9709,Irene Poza Moss,11/31,951
1342 6546 7447 2283,Clodoveo Lobo Gonzalez,11/33,035
9599 7627 4425 3284,Luisa Moss Dominguez,06/28,219
9569 6526 9479 8178,Luis Narvaez Avila,11/32,770
3764 0742 1002 8638,Jack Dominguez Ribas,12/27,421
4074 1352 4775 7117,Enjuto Reyes Avila,02/31,025
8828 9539 2503 9869,Petra Garau Gracia,08/33,896
5646 6366 6937 8758,Armando Ribera Gibson,10/29,490
4665 1602 3424 1622,Gonzalo Cozar Mas,09/31,705
3554 9849 3414 7577,Armando Ribera Punset,02/31,529
1292 5605 8988 2643,Benjamin Gibson Narvaez,04/27,174
8898 7897 6586 9248,Francisco Dominguez Narvaez,04/29,701
0642 3033 2423 3274,Petra Lobo Reyes,03/28,024
9809 8007 8268 6276,Luis Lobo Padro,12/31,842
3584 6236 5986 2343,Luis Padro Pelaez,02/31,270
9769 9899 2413 9018,Camilo Coll Punset,02/29,503
1232 4815 3744 2923,Gonzalo Locke Reyes,10/27,429
0762 2883 7457 8578,Petra Ribera Dans,08/30,156
2173 9288 2463 9419,Pedro Gonzalez Punset,03/32,130
6096 1432 5916 8037,Margarita Reyes Sparrow,06/31,388
1933 8388 8948 1692,Alberto Linus Padro,06/32,355
0181 1953 9999 8808,Emiliano Reyes Morales,08/32,681
2723 9218 7047 8148,Gabriel Martinez Punset,10/34,869
4174 6937 3624 7687,Irene Linus Lobo,09/32,976
5425 7387 4264 9459,Luisa Torres Moreno,06/29,221
4184 0591 1132 3464,Francisco Marques Linus,02/30,947
6856 0922 2523 3584,Restituta Garau Poza,01/26,845
4024 3083 0962 4705,Eva Gonzalez Cozar,10/32,484
7487 2643 7337 4174,Petra San Marques,01/29,996
5866 2503 1252 8798,Restituta Argudo Locke,10/34,892
0151 0421 4004 8017,Clodoveo Dans Pelaez,07/29,360
9849 1742 9969 7077,Clodoveo Dominguez Linus,07/31,202
7767 6446 7157 2213,Armando Mas Narvaez,10/29,703
6036 7917 0812 3003,Gabriel Mas Vallejo,10/31,891
6336 9038 6536 0732,Gonzalo Gibson Gibson,10/26,268
6636 7137 1212 7987,Kate Pelaez Marques,04/32,403
1372 6606 0311 3924,Armando Garau Argudo,04/32,566
7187 9148 3714 3754,Camilo Lobo Vallejo,10/30,867
5786 2123 2293 7907,Luisa Gibson Padro,09/30,557
7607 4915 7867 5936,Jose Lopez Gonzalez,04/26,477
9379 5535 7087 9539,Alfredo Pomares Lopez,12/30,059
2283 4545 3073 1592,Eva Moreno Punset,07/28,732
4224 5005 3774 7397,Gabriel Avila Gibson,04/32,617
4204 0632 7647 3514,John Gracia Morales,04/27,637
1392 6246 2443 2633,Benjamin Mas Cozar,05/29,761
1252 7127 9118 5465,Sofia Martinez Narvaez,08/31,074
9368 1362 8308 0491,Hugo Mojamuto Poza,02/28,528
5075 4995 8648 6056,Gabriel Gonzalez Gracia,03/28,148
8528 0461 9098 5485,Hugo Marques Pomares,12/34,646
7997 2033 0591 1152,Alberto Narvaez Gibson,12/31,961
2703 0141 0501 5786,Luisa Avila Lopez,03/33,626
8198 9689 2253 9328,Hugo Reyes Gibson,02/33,483
5766 7817 6806 4114,Restituta Ribas Dominguez,10/28,528
5115 4925 0752 0171,Enjuto San Padro,11/27,506
8478 4835 0852 7597,Benjamin Moreno Cozar,07/26,271
5035 3454 4755 1572,Restituta Pomares Pelaez,06/33,552
4565 3904 6146 6336,Kate Torres Morales,04/27,511
3574 7367 3524 6716,Restituta Lopez Garau,08/26,738
7237 0792 2733 0401,Clodoveo Linus Pomares,04/28,320
1262 7257 1983 8588,Petra Narvaez Poza,12/28,020
6446 0541 6436 8768,Luisa Poza Morales,06/28,448
0401 2353 5836 3144,Gonzalo Argudo Torres,01/34,320
5475 9529 1122 9028,Armando Cozar Pomares,02/33,983
3043 6096 3464 6806,Blas Padro Dans,01/29,676
4124 9208 6686 0762,Blas Cozar Vallejo,08/31,530
8878 4895 6266 5295,Irene Dominguez Poza,01/32,922
8788 4054 7787 0031,Sofia Lobo Padro,05/33,168
3083 0812 2763 7927,Margarita Narvaez Mojamuto,07/32,537
7717 0672 2313 1172,Francisco Torres Reyes,06/31,152
4405 6556 1112 4575,Luis Ribas Coll,05/28,131
1162 6786 7687 0611,Eva Torres Dominguez,05/28,967
7627 2303 2103 6016,Emiliano Pomares Gibson,11/28,429
4695 6296 8388 1272,Restituta Reyes Moss,06/34,372
8988 5485 8027 9399,Petra Coll Locke,02/26,205
5615 7797 7557 6987,Hugo Lobo Avila,12/31,252
3354 4074 8968 5796,Camilo Moss Mas,10/34,869
3484 7727 4475 4965,Margarita Avila Argudo,10/27,188
0712 0551 1272 4184,Eva Avila Cozar,09/34,430
8558 3174 1432 8828,Francisco Marques Reyes,11/30,212
4735 5806 3144 3083,Francisco Torres Coll,07/30,280
1672 2273 5545 1032,Alfredo Moreno Punset,11/26,422
9098 4274 8448 6526,Armando Dominguez Ribera,03/27,712
7867 7177 0531 5836,Alberto Torres Mas,06/28,111
4545 1152 4364 6997,Benjamin Avila Marques,09/27,783
7817 9328 3854 8448,Petra Garau Martinez,02/30,418
8208 7777 1872 8908,Kate Pelaez Torres,07/31,755
6246 8598 2603 3884,Margarita Locke Cozar,11/28,702
2333 7577 5115 9619,Margarita Moreno Padro,03/29,228
4835 2133 6626 1302,Petra Poza Garau,11/30,890
9509 4124 9549 8138,Randall Narvaez Garau,06/31,346
0722 2023 0551 9499,Jose Punset Torres,08/31,717
5385 9869 0401 8508,Pedro Dominguez Cozar,05/34,318
5525 1933 8558 0601,Enjuto Lopez Punset,12/34,833
0141 5155 4354 1983,Gabriel Pomares Lopez,10/31,291
9128 9389 7287 5455,Clodoveo Poza Argudo,01/31,830
2933 1052 4344 7607,Sofia Gibson Martinez,06/26,374
0611 8538 6957 0351,Blas Locke Poza,10/27,150
9679 0121 9819 8668,Jose Martinez Dans,06/30,933
6436 4204 8228 0361,Camilo Pomares Gracia,11/34,992
0341 5776 3784 5916,Benjamin Moss Avila,07/26,274
3804 1382 4785 2713,Kate Vallejo Garau,06/34,339
8128 2343 9358 2403,Hugo Morales Argudo,05/26,461
8148 0682 2723 5826,Alfredo Dans Mas,04/29,633
6967 5716 2183 4865,Petra Ribas Gibson,08/28,594
8448 4114 0802 0742,Randall Punset Sparrow,12/29,179
6646 2423 8117 0451,Hugo Pomares San,03/30,856
0301 0061 4815 5405,Francisco Coll Padro,09/30,981
5485 0782 0331 9148,Camilo Argudo Morales,09/32,040
0271 9859 7207 8318,Irene Moreno Gracia,02/33,033
7337 8748 3053 2763,Alfredo San Avila,05/31,615
1472 3814 9619 6656,Hugo Poza Moreno,06/32,294
7707 9699 3194 4955,Luis Moreno Mas,06/27,998
5716 4264 5235 9389,Alfredo Dans Coll,02/29,627
2833 9318 6616 9859,Jose Pelaez Ribera,03/30,128
3334 9188 5946 3784,Petra Garau Martinez,01/33,127
7617 7117 0111 5846,Pedro Linus Ribera,10/26,535
2673 6917 7967 9699,Hugo Lopez Gibson,11/26,537
0922 3644 2083 9949,Clodoveo Marques Padro,02/28,197
7547 5816 7897 2803,Irene Morales Gracia,09/28,570
2993 9118 0071 9689,Jose Moreno Martinez,08/34,187
9749 0411 0161 1923,Benjamin Locke Lobo,02/32,189
8768 0381 6676 3184,Jack Garau Dominguez,07/30,431
2403 2043 6246 6246,Emiliano Locke Gonzalez,02/29,189
0321 2243 0692 2423,Sofia Dans Morales,10/34,374
7317 1022 0541 8418,Gabriel Vallejo Vallejo,10/26,830
4364 9649 6176 0621,Clodoveo Martinez Mas,11/33,819
7597 1842 9499 2813,Benjamin San Moss,08/31,151
8468 3774 8878 3174,Jose Martinez Moreno,07/29,908
2163 5125 9719 0852,Alberto Moss Cozar,04/33,502
1072 9429 3964 8057,Alberto Avila Locke,08/33,526
7797 6766 0011 7487,Emiliano Pelaez Padro,11/26,599
9919 2443 3284 4244,Luisa Argudo Padro,01/31,900
2083 0321 4705 3053,Benjamin Padro Moreno,10/26,248
3374 6066 5365 3834,Luisa Ribas Vallejo,12/28,893
6086 5826 1612 2323,Clodoveo Vallejo Argudo,05/28,730
5836 6146 6826 8858,Emiliano Martinez Lopez,09/32,497
8228 4495 4765 2793,John Poza Ribas,01/30,882
5676 6646 0922 8838,Randall Gracia Sparrow,12/31,875
4334 6456 2753 7527,Pedro Padro Lopez,09/33,060
2003 8898 5525 2483,Gabriel Mojamuto Pomares,06/26,895
3534 7417 5736 1782,Randall Martinez Ribas,03/28,488
3564 6136 3134 3134,Jack Argudo Pelaez,12/30,472
7537 7657 6206 1132,Gonzalo Mas Poza,11/29,761
9669 0652 8778 6116,Emiliano San Punset,02/27,002
5135 9569 9078 3904,Enjuto Gonzalez Sparrow,08/26,889
1152 1322 9268 6146,Jack Mojamuto Gonzalez,12/34,481
6426 7067 3764 4104,Gonzalo Gonzalez Locke,11/26,888
9609 6426 2873 2733,Enjuto Narvaez Pomares,03/31,857
9659 8238 9569 0862,Gonzalo Vallejo Torres,06/34,377
6997 7767 9228 3634,Benjamin San Locke,02/32,960
6676 7827 3093 9519,Luisa Linus Coll,01/26,184
4385 3544 0451 9348,Alberto Ribera San,12/27,536
1963 9889 0261 0962,Petra Gibson Lopez,03/28,232
2193 5275 1352 7417,Gabriel Ribas Torres,09/28,700
4615 8438 9278 5896,Luisa Avila Linus,04/27,877
9929 5786 4875 2533,Eva Marques Gibson,07/34,481
2343 7037 5696 7317,Francisco Punset Moreno,08/29,976
5125 4154 6746 9979,Kate Linus Dans,07/26,996
8308 8968 7327 9549,Kate Poza Argudo,07/30,686
1722 8348 9899 1722,Pedro Dominguez Vallejo,03/28,845
0822 3764 9799 7977,Restituta San Narvaez,12/30,280
7897 7547 1592 5225,Margarita Gibson Poza,06/27,026
4064 7957 8698 4294,Sofia Lopez Pelaez,03/30,729
3234 3854 3634 5926,Luisa Vallejo Punset,05/31,705
1842 3524 9148 6326,Jack Argudo Mas,04/34,414
9208 3634 8928 2103,Irene Lobo Pelaez,02/34,107
1792 6466 3814 6266,Hugo Ribas Gracia,03/33,518
4635 0191 2803 9809,Petra Cozar Sparrow,09/28,545
4925 2723 9889 2373,Emiliano Mojamuto Narvaez,12/27,575
4435 7987 4565 8788,Gabriel Punset Gonzalez,03/33,394
1662 3264 8238 8778,Blas Mojamuto Gonzalez,05/32,890
8398 2863 6326 8738,Margarita Lopez Morales,11/31,097
9939 2573 3324 0952,Luisa Martinez Martinez,10/32,131
2903 6056 2433 3244,Jose Dominguez Reyes,12/26,557
6526 3824 0251 4915,John Gibson Martinez,11/26,965
8318 1802 8158 2093,Pedro Argudo Dans,07/33,674
6917 8858 5065 2513,Camilo Moss Torres,06/33,341
8948 1642 5956 4655,Pedro Torres Moss,02/34,591
8608 2473 7597 3714,Margarita Dominguez Garau,03/33,681
6516 1162 7377 5575,Camilo Marques Gonzalez,06/27,929
0551 4344 3914 9238,Blas Locke Moss,05/33,569
0241 5295 1913 0662,Luis Punset Ribas,04/34,438
0802 7647 9348 8548,Clodoveo Locke Coll,12/32,864
4715 5365 9409 0922,Clodoveo Garau Moss,04/27,893
8968 2433 1392 3304,Blas Ribas Vallejo,02/34,645
9839 0151 1332 2313,Armando Punset Dominguez,11/33,052
6456 8698 9449 3154,Irene Punset San,10/27,728
9909 1392 0742 0752,Kate Coll Moreno,06/26,168
4795 6396 4575 4034,Armando Gonzalez Gibson,12/30,209
9268 8888 4174 7637,Restituta Vallejo Lopez,02/30,626
0021 7027 3594 2163,Enjuto Marques Coll,07/30,095
1782 6967 7477 2383,Sofia Pomares Vallejo,12/29,002
1602 2753 6816 3654,Petra Locke Lobo,11/33,854
3834 5525 6987 6176,Gonzalo San Avila,03/26,979
4354 5335 5896 2613,Luisa Dominguez Morales,08/26,118
7927 6746 1302 0892,Eva Morales Sparrow,02/34,813
2593 6356 1642 3294,John Argudo Coll,10/34,331
0591 5555 4505 3414,Luisa Padro Dominguez,01/32,352
4475 2493 5966 8278,Randall Narvaez Ribera,09/34,680
4875 6316 8508 7157,Margarita Ribas Narvaez,07/32,887
1802 3053 0511 4845,Randall Marques Lobo,08/30,612
5095 8368 2363 7367,Jack Torres Poza,05/34,966
1322 8728 6076 4044,Francisco Ribas Vallejo,07/33,043
6176 9308 4635 9819,Eva Argudo Moreno,11/32,648
4274 3594 5676 6396,Luis Pelaez Garau,06/29,203
5465 1893 6006 6196,Enjuto Argudo Reyes,06/32,551
8258 2233 3664 5155,Irene Ribas Locke,12/31,659
2783 8568 3484 5335,Sofia San Vallejo,07/29,934
6566 6676 4555 6626,Gabriel Gonzalez Ribas,09/29,630
9469 1232 4304 9218,Hugo Sparrow Mojamuto,10/32,076
6106 3754 8958 1472,Armando Ribera Vallejo,01/33,766
7197 7637 9198 1242,Clodoveo San Gibson,06/29,774
1492 7447 9429 4134,Eva Linus Moss,03/29,615
7407 8087 3604 5075,Francisco Padro Padro,01/29,871
1682 8838 7937 8518,Benjamin Mojamuto Dominguez,08/34,856
5976 2633 0151 4004,Alfredo Pelaez Pelaez,09/27,336
8218 1913 0892 2063,John Gracia Linus,02/26,249
7007 7907 3184 9108,Jose Punset Pelaez,01/28,090
5295 9238 8338 2743,Alberto Sparrow Cozar,09/29,808
9549 6336 5886 4615,Margarita Torres Padro,06/30,933
7877 7107 4094 1452,Camilo Gibson Punset,09/34,396
0902 9499 6977 8748,Hugo Martinez Dominguez,06/32,519
1632 6776 7077 6726,Alberto Dominguez Poza,04/34,218
5435 5015 5746 7497,Luis Garau Avila,04/30,211
4785 9709 6506 5906,Luis Vallejo Dans,01/28,161
8238 4004 3254 7297,Clodoveo Mas Padro,03/29,481
1182 2063 1052 2153,Alfredo Mas Pomares,12/32,354
9188 0331 1792 9198,Sofia Marques Mojamuto,02/28,900
7887 8958 2743 1492,Petra Vallejo Gonzalez,09/28,279
6046 7467 9829 8868,Eva Pomares Pomares,02/27,469
7297 2153 4885 6947,Enjuto San Sparrow,01/33,764
6356 6796 3244 3264,Eva Gracia Argudo,02/31,930
0882 3254 4234 1232,Alfredo Sparrow Gonzalez,04/29,164
5325 2263 5555 2833,Alfredo Gibson Argudo,04/26,781
9799 3464 0972 5595,Gonzalo Punset Ribera,10/29,719
6887 2773 2863 6856,Irene Punset Martinez,01/34,624
6466 8278 6416 0311,Eva Narvaez Cozar,06/29,968
0702 5706 2403 9959,Gonzalo Moreno Mas,11/33,998
6366 0351 3354 7007,Randall Martinez Morales,07/30,938
3144 5075 8278 1382,Restituta Ribas Lobo,08/30,438
8298 8948 3113 6226,Sofia Moreno Torres,07/30,079
4134 8128 9729 6346,Restituta Padro Moss,10/27,310
6616 2973 3754 2473,Gabriel Coll Cozar,10/28,709
5696 1572 2633 6796,Jose Punset Linus,05/31,956
6806 7617 0141 3994,Enjuto Linus Coll,08/31,962
5455 7337 3043 2233,Enjuto Moreno Coll,06/34,525
6726 7867 6967 6076,Jose Narvaez Lobo,06/34,312
5736 9639 4194 5776,Enjuto Sparrow Martinez,04/27,729
7037 1722 6396 5305,Blas Lopez Avila,12/32,804
6686 7737 5185 8298,Blas Coll Narvaez,08/28,278
7497 3013 1282 2933,Restituta Padro Ribera,11/28,826
7687 1372 6016 7147,Hugo Garau Locke,10/33,053
3914 5045 8578 8087,Petra Gibson Locke,05/31,239
2803 9909 3103 4314,Clodoveo Argudo Padro,08/31,414
0041 6877 3314 8498,Camilo Mojamuto Locke,10/26,075
9629 3714 0021 6887,Blas Avila Martinez,09/31,775
9579 4805 8568 3484,Francisco Gracia Lobo,02/27,067
0191 2913 2203 2333,Armando Pelaez Dominguez,09/30,616
1822 1192 6917 7097,Jack Pomares Moreno,12/30,842
8658 3964 8818 8938,Blas Punset Pomares,12/28,528
0782 6266 6216 7207,Kate Morales Poza,03/34,381
8037 6566 0491 4905,Sofia Mojamuto Punset,04/33,959
0682 0361 3904 7767,Alfredo Gracia Dans,09/27,370
4725 6256 6736 2753,Gonzalo Coll Garau,01/32,360
6016 6416 9379 6866,Hugo Lopez Argudo,06/27,679
2953 3894 6046 7517,Francisco Linus Lobo,03/34,503
9078 9679 5075 1092,Benjamin Ribas Mas,08/34,294
1312 8198 9108 6907,Enjuto Ribas Sparrow,05/30,895
0411 6476 2003 7057,Luis Ribas Mas,02/28,040
7457 8077 5876 0081,Francisco Mas Gracia,04/30,726
9959 6696 5285 6386,Clodoveo Ribera Cozar,04/27,130
7347 8578 9008 8258,Blas Mojamuto Dans,06/26,825
3964 4505 3654 9639,Jack Argudo Mojamuto,12/27,546
2633 4374 3644 7457,Eva Pomares Gonzalez,12/33,731
1762 3144 1082 9649,Jose Martinez Narvaez,06/28,000
3674 9799 3614 4374,Margarita Narvaez Dans,09/32,430
4324 6516 7607 1052,Francisco Avila Marques,12/31,604
1382 4865 0632 6436,Gabriel Moreno San,06/28,918
5195 9979 3123 5355,Randall Coll Marques,03/27,187
3194 5095 8007 5996,Camilo Poza Punset,05/31,221
1142 3023 1372 4665,John Lopez Cozar,03/27,308
4525 2803 2133 0782,Kate Avila Dans,10/26,951
4495 9519 1512 4234,Kate Locke Mas,06/29,471
7227 0962 5195 3844,Kate Cozar Sparrow,05/33,361
3954 0391 4495 9889,Irene Avila Torres,10/34,117
7757 0401 1202 9298,Sofia Marques Dominguez,01/29,143
8338 1702 1682 5686,Emiliano Argudo Gracia,08/28,567
1582 1422 7267 2433,Francisco Pomares Mas,02/33,361
7967 1122 7987 3594,Eva Vallejo Narvaez,09/28,163
4945 1552 7177 9228,Blas Sparrow Pomares,04/28,733
1082 7717 6126 4765,Sofia Cozar Sparrow,07/32,512
5185 6036 7567 2083,Jack Avila Morales,04/33,383
1712 0852 5015 0702,Emiliano Sparrow Lopez,05/26,785
3924 1172 4535 9358,Benjamin Narvaez Coll,02/27,836
7027 6846 5666 1872,Pedro Torres Vallejo,12/28,834
9348 1142 9238 6376,Margarita Lopez Ribera,04/29,804
1112 4304 1262 9098,Pedro Garau Pelaez,07/26,814
0261 8528 1933 4475,Hugo Torres Marques,10/26,472
2213 4945 9368 9288,Irene Poza Moss,07/31,544
2653 7557 5646 3724,Irene Linus Linus,06/26,104
1572 2903 6786 0932,Gabriel Coll Mojamuto,07/34,859
7637 2733 3684 4084,Irene Linus Dominguez,04/29,831
6556 8918 7707 4465,Gonzalo Pelaez Lobo,01/30,584
3854 7537 7517 0521,Jack Locke Linus,11/27,089
1742 2313 3564 6746,Irene Marques Vallejo,08/31,233
7107 0862 2063 3234,Hugo Martinez Ribera,01/30,293
2603 0511 4925 7257,Gabriel Lopez Pelaez,11/29,529
1652 3354 1652 5946,Alberto Moreno San,09/32,680
5495 3344 3944 9469,Margarita Coll Gibson,01/30,247
3394 3624 9328 0371,Jack Gibson Avila,06/31,404
0912 5145 6226 9719,Hugo Ribas Poza,05/28,882
4114 4625 1572 6616,Irene Avila Padro,02/31,360
0982 9409 5465 0581,Armando Dans Ribera,03/26,508
5155 4735 1762 8358,John Cozar Sparrow,07/27,744
1272 8988 1862 0511,Irene Ribas Martinez,03/29,165
7697 2013 0411 3624,Armando Locke Pomares,03/34,061
5225 8608 9318 7837,Emiliano Martinez Avila,03/29,110
9419 1292 5145 0561,Luis Narvaez Moreno,05/33,751
9949 4294 3934 4344,Francisco Gonzalez Poza,09/29,255
2393 7357 1502 8898,Camilo Dominguez Locke,03/30,482
6846 2393 1172 4585,Restituta Cozar Lopez,03/34,288
3874 9509 8478 0321,Petra Mas San,03/29,030
1913 0071 8348 8888,Randall Vallejo Garau,02/34,674
4094 2463 4645 5726,Eva Coll Mojamuto,03/34,515
0842 0231 9669 7547,Clodoveo San Gracia,12/34,120
2123 0662 5325 8007,Emiliano Locke Linus,08/33,889
1562 1062 2953 6006,Benjamin Pelaez Pomares,08/34,277
3103 1452 3154 7347,Kate Sparrow Poza,12/28,778
2073 5766 8938 0541,Sofia Poza Narvaez,04/34,530
5656 2333 5245 0231,Kate Coll Morales,06/26,476
3824 0101 9298 5806,Benjamin Torres Narvaez,05/28,036
2153 0932 8438 2013,Randall Narvaez Reyes,06/29,067
9869 9158 7717 7827,Luisa Mas Marques,03/31,094
2583 2593 6556 0381,Pedro Pelaez Moreno,07/34,020
6506 3154 9979 0041,Petra Narvaez Lopez,12/32,189
0862 1792 0842 6586,Enjuto Argudo Vallejo,09/27,085
9649 0561 9288 7697,Alberto Punset Morales,05/29,578
9248 5225 6116 6426,Luis Avila Ribera,12/34,706
6266 1862 4595 4495,Alfredo Dans Martinez,09/34,051
3023 7077 4445 8398,Luisa Mojamuto Moreno,03/29,468
6396 3394 3534 1512,Pedro Torres Moss,11/31,863
8688 6086 4725 7267,Irene Mas Mojamuto,09/34,262
5335 6836 9779 1893,Armando Torres Gonzalez,06/33,779
3113 2073 3234 1862,Francisco Cozar Poza,05/31,784
0031 3534 3544 6066,Luisa San Poza,05/34,297
6076 7197 6947 6576,Jack Pelaez Dominguez,06/34,338
0571 4425 0772 6506,Luis Gracia Coll,08/31,850
3073 6276 9519 3854,Irene Punset Dominguez,05/33,206
5595 3874 7417 8648,Jack Pelaez Morales,03/30,608
8278 9028 4034 9439,Alberto Morales Punset,09/29,742
3414 0281 5345 3354,Alberto Gonzalez Narvaez,01/29,291
9559 9419 8808 8488,Hugo Gonzalez Gibson,10/30,829
6236 2293 0321 9088,Enjuto Poza Moss,02/28,518
6957 9358 3404 5706,Petra Sparrow Dominguez,10/30,785
2023 5686 7887 2823,Jack Martinez Mojamuto,07/29,647
1212 0171 7767 3394,Blas Garau Lobo,10/28,058
0431 7207 1782 3314,Pedro Avila Moss,09/26,025
6286 6126 1602 5976,Blas Gracia Avila,04/29,021
2663 4084 3434 5646,Alberto Lopez Linus,11/28,865
8818 1612 9188 9429,Irene Moreno Argudo,07/30,089
8718 9809 6056 6306,Gonzalo Ribas Padro,07/26,263
0992 8508 2983 5966,John Pelaez Moreno,11/29,967
3123 2603 6927 5195,Jack Ribera Cozar,10/31,480
1332 1903 6106 6556,Irene Garau Mas,04/31,007
2313 4334 4044 5856,John Gracia Poza,04/30,590
3093 0041 4895 0071,Luisa Reyes San,06/30,366
3594 9599 3003 9799,Camilo Dominguez San,01/28,925
0101 3444 0712 0021,Benjamin Pomares Garau,04/29,333
4755 0732 0421 9989,Petra Punset Punset,11/32,686
6026 6636 2483 5956,Kate Reyes Punset,08/26,552
5045 4705 9338 7067,Alfredo Cozar Marques,03/30,344
6056 4605 2143 2463,Irene Avila Dans,01/26,877
6476 6176 5225 1392,Pedro Reyes Lopez,04/27,498
2553 3734 7147 1802,Sofia Pelaez Pelaez,03/30,268
2643 9078 6756 5235,Gonzalo Punset San,07/32,846
0531 6686 0221 1332,Petra Coll San,12/30,549
1452 9368 9709 5105,Hugo Morales Moreno,08/33,062
5215 6006 2513 6206,Blas Avila Gonzalez,02/26,504
7147 0972 8358 9579,Pedro Garau Moss,08/33,512
2353 8718 8368 3544,Gabriel Marques Gonzalez,02/32,205
3274 0952 6446 6496,Eva Torres Mojamuto,06/33,043
2143 4665 2653 2583,Jack Reyes Torres,07/27,243
0051 4024 7237 1642,Luis Locke Dominguez,06/33,925
4775 1512 0241 8228,Pedro Locke Linus,09/26,575
7377 2363 4855 3103,Benjamin Linus Lobo,08/31,783
6947 6506 7507 1973,Jack Moss Moss,04/31,540
2493 8017 5706 1652,Enjuto Avila Moreno,12/28,074
7777 5445 5796 8528,Alberto Ribas Vallejo,11/28,124
2573 9108 0191 6566,Kate Gibson Lobo,12/30,836
8678 0712 4835 6516,Eva Martinez Sparrow,01/27,062
9008 6907 7957 3194,Alberto Moreno Punset,07/28,780
2873 1332 6196 8988,Enjuto Locke Martinez,01/30,171
7427 0992 8047 7327,Francisco Gibson Avila,10/31,037
6937 9659 7137 6766,Kate Punset Dans,11/33,130
5956 9589 5495 4405,Irene Gonzalez Torres,02/33,236
9358 7837 7577 9849,Hugo Pelaez Mas,02/29,214
8047 2993 4655 5145,Alberto Marques Punset,03/30,861
4625 6596 8788 6366,Benjamin Garau Narvaez,05/27,451
2043 4595 3063 2223,Clodoveo Lopez San,07/27,541
2423 4455 5976 0692,Jose Locke San,01/28,861
7787 7057 1552 9559,Luis Vallejo Pomares,01/27,659
9449 9759 2113 6046,Enjuto Garau Avila,03/30,691
3984 3164 0822 1933,Restituta Locke Linus,04/32,878
0541 8398 9308 0772,Sofia Dans Ribas,10/26,709
1812 7347 6866 4224,Hugo Narvaez Ribas,03/28,499
7917 9439 1422 4785,Petra Pomares Sparrow,12/28,154
0601 4725 7007 2263,Luis Torres Coll,08/28,470
3474 7487 2893 1602,Emiliano Garau Cozar,05/32,544
6326 7377 1142 9409,Luis Padro Moss,05/28,397
8328 7507 6066 9008,Alfredo Dominguez Moss,05/30,437
8748 0802 4435 5115,Hugo Argudo Pelaez,01/30,066
1362 0521 1802 3824,Petra Narvaez Reyes,12/34,585
3244 8027 2213 3224,Camilo Cozar Ribas,08/30,857
7517 7097 7997 1812,Gabriel Gonzalez Lopez,06/27,244
3614 8928 8218 4445,Benjamin Poza Cozar,09/29,893
0652 6486 3554 2173,Francisco Narvaez Sparrow,07/30,429
1002 3093 8668 6296,Luis Dominguez Mas,07/33,781
8998 1812 6887 3764,Alfredo Coll Ribas,06/27,878
2443 8148 2013 6106,Sofia Martinez Punset,06/34,126
2053 5325 0131 1372,Irene Martinez Dans,08/31,745
9789 9098 8418 2393,Kate Sparrow Lopez,11/32,571
4595 1272 8458 3384,Clodoveo Lopez Moss,02/27,898
4485 9018 0682 9829,Benjamin Cozar Dominguez,10/31,210
4284 1622 4915 1042,Luis Poza Torres,07/32,359
3794 3504 7747 1552,Jack Cozar Gracia,09/28,054
4084 8848 4665 2963,Pedro Cozar Mas,09/32,676
1522 7857 8868 4505,Alberto Moreno Gibson,09/34,862
0161 0341 4865 8438,Emiliano Punset Moreno,08/28,957
1893 1082 6716 2783,Alfredo Punset Dans,02/26,312
7067 2173 6346 4284,Irene Martinez Avila,07/34,816
4745 7947 7807 6826,Hugo Dominguez Cozar,06/29,987
7047 7567 1722 7447,Kate Morales Moreno,05/28,771
6977 7757 7837 5265,Emiliano Dominguez Lobo,02/32,235
9539 6616 5996 6846,Jack Moreno Gracia,06/34,778
7827 2813 4685 1102,Luisa Dans Moreno,10/31,177
9529 4224 4064 2543,Armando San Pomares,02/32,535
2753 2453 9769 9609,Benjamin Narvaez Poza,08/34,602
6306 1732 4985 8047,Irene Moss Gracia,12/33,648
9048 3123 9699 6596,Emiliano Moreno Poza,02/32,171
4515 8248 3384 6416,Margarita Morales Linus,10/27,968
5605 6436 3174 1672,Irene Torres Gibson,07/33,566
2823 3113 8178 0441,Sofia Torres Cozar,04/32,136
3524 4485 5806 3684,Luis Poza Lobo,12/33,593
4234 7407 8838 5495,Gabriel Punset Moreno,11/31,945
2253 0211 6426 7967,Jack Pelaez San,02/29,421
1832 7217 7317 8348,Margarita Mojamuto Padro,04/33,654
0351 8648 4845 9058,Clodoveo Mojamuto Poza,08/27,700
3404 4765 5135 0341,Camilo Ribera Lopez,05/32,352
0511 0822 3444 0832,John Moreno Pelaez,04/32,459
1612 8107 3013 3794,Emiliano Moreno Ribera,05/28,413
4905 2933 0051 6816,John Linus Lopez,06/32,884
9108 5255 6706 0642,Alberto Morales Linus,11/33,266
0662 8268 5155 1522,Camilo Lopez Martinez,05/32,860
3784 9469 4975 7797,Randall Mojamuto Pomares,06/28,545
8808 5836 0902 1112,Emiliano Dominguez Poza,07/28,182
9989 9399 2883 5615,Jose Morales Pomares,08/26,223
3994 2513 9539 5866,Petra Linus Coll,12/27,063
3344 4405 3984 1532,Eva Moss Dominguez,10/26,056
6116 2673 1402 4274,Blas Morales Coll,06/27,160
5015 3073 3224 0181,Jose Narvaez Cozar,11/27,787
3624 9138 4254 4515,Hugo Gibson Garau,11/27,302
9739 7007 5485 0481,Clodoveo Gracia Mas,11/33,451
9479 9178 3674 9368,Jack Ribas Vallejo,05/27,664
2853 8338 5205 8998,Restituta Vallejo Reyes,08/28,979
6877 1442 1752 4254,Enjuto Poza Moss,07/29,221
7097 1482 6897 1022,Jose Gracia Gracia,12/32,789
0121 0531 5055 5696,John San Martinez,02/31,295
4304 5696 2783 2563,Sofia Gibson Linus,06/29,558
9038 8818 9068 1062,Gabriel Vallejo Narvaez,06/27,681
0061 0251 8588 1852,Clodoveo Moreno Locke,02/32,029
0812 8158 7387 1712,Sofia Ribera Gracia,09/33,920
3864 6536 6796 6486,Luis Martinez Dominguez,06/30,898
2563 1983 4795 4985,Margarita Torres Padro,08/32,641
6206 6736 6286 5515,Alberto Martinez Marques,06/26,367
8067 1242 1382 8168,Restituta Marques Ribera,08/28,927
9338 4885 9389 1402,Randall Morales Avila,10/29,463
9118 4475 0351 2723,Armando Padro Coll,04/26,381
5916 4214 8148 0551,Gabriel Pelaez Coll,03/30,268
7087 9268 8318 8558,Camilo Locke Pelaez,06/34,363
2243 9989 4114 4895,Francisco Coll Gonzalez,10/31,387
8087 9068 1672 7627,Jose Pomares Moreno,12/31,275
3053 4935 8628 1822,Clodoveo Lobo Padro,04/32,361
7257 0431 1712 6937,Randall Dominguez Sparrow,06/30,629
8668 1492 2583 2033,Sofia Ribera Ribas,11/30,967
7057 7237 9639 9529,Sofia Torres Dans,03/31,116
4655 5345 8488 3944,Alberto Punset Morales,04/28,447
9699 9479 6096 1252,Alfredo Dans Pelaez,11/26,165
0962 3924 7927 5636,Blas Vallejo Cozar,05/26,084
7137 6866 8798 4154,Armando Vallejo Marques,10/28,044
8418 4965 7347 8188,Gabriel Pomares Marques,08/31,027
8798 0912 0031 5175,Kate Marques Sparrow,07/33,403
7307 7157 4204 8218,Randall Narvaez Mas,05/28,978
8368 2283 8288 4695,Eva Pelaez Moss,01/29,487
2063 5105 7467 3013,Alfredo Coll Martinez,12/27,540
6596 8448 6306 1012,Pedro Vallejo Mojamuto,03/27,840
5405 0501 0732 0571,Restituta Dans San,04/31,509
7017 1782 6696 0091,Kate Punset Vallejo,11/27,449
8908 3103 7857 5365,Luis Padro Moreno,03/26,862
6536 5946 3274 1682,Luis Gibson Poza,06/32,565
5666 0011 4945 5345,Jose Mojamuto Avila,08/27,733
9459 2523 0301 2843,John Linus Vallejo,10/33,067
0792 4174 2273 7407,Gabriel Pelaez Avila,03/27,756
5806 0301 4134 0141,Jose Torres Lobo,12/28,068
7127 8998 5615 5666,Randall Gibson Ribas,10/27,135
9148 7807 8898 2653,Jose Coll Gracia,07/34,981
2503 5175 7547 9188,Randall Avila Lobo,05/27,050
0111 3984 2283 5085,Emiliano Lobo Martinez,10/34,451
4445 5976 6656 7427,Sofia Gracia Locke,02/32,879
9589 8057 1242 1953,Armando Avila Martinez,07/34,146
3654 6046 0101 8238,Luis Gibson Ribas,09/30,768
5065 0752 8528 1752,Clodoveo Cozar Linus,06/28,566
0071 2853 6336 6466,Alfredo Lobo San,05/28,818
7467 1592 8908 1732,Eva Gibson Dans,03/27,304
8057 6726 4294 4324,Camilo Ribas Pelaez,01/31,119
7857 9058 4625 8338,Armando Punset Sparrow,04/26,306
0291 2533 4745 0281,Irene San Poza,01/26,665
0081 3564 4955 2883,Eva Argudo Ribas,01/31,195
9409 9449 9849 0722,Eva Narvaez Avila,12/27,652
3314 9879 5385 2673,Alfredo Pelaez Gracia,10/27,265
5165 7017 1442 3454,Eva San Avila,03/34,530
8588 3804 0201 2973,Hugo Lopez Lobo,12/26,762
2773 1092 8208 8408,Luisa Marques Mas,10/34,360
7557 5936 9038 9879,Jose Pomares Cozar,03/29,666
1012 9729 3794 4304,Sofia San Poza,04/33,307
6826 6927 6856 5005,Armando Martinez Avila,10/29,828
1172 4354 7947 8268,Enjuto Narvaez Locke,11/32,597
3724 8328 5455 8818,Sofia Mojamuto Coll,06/28,343
2103 1832 2263 6406,Benjamin Poza Pomares,11/31,300
5876 9779 7777 0531,Luisa Lopez Mojamuto,07/29,551
7277 9379 4214 4385,Gabriel Punset Moss,12/31,910
7207 3694 8498 4715,Pedro Marques Narvaez,09/34,055
3634 1302 9208 0101,Margarita Vallejo Morales,08/27,665
8858 5165 9579 7847,Alfredo Reyes Linus,10/33,271
5626 8428 1232 0972,Pedro Gracia Sparrow,01/32,046
0692 9719 5295 2553,Francisco Locke Morales,11/27,199
8348 5636 5906 7747,Kate Vallejo Ribera,02/26,799
5826 1342 0121 7867,Benjamin Vallejo Torres,11/34,753
7987 5575 1883 4395,Margarita Moreno Gracia,10/28,128
2973 7887 8097 1903,Eva Argudo San,03/28,881
6987 9839 1923 5555,Enjuto Mojamuto Poza,12/30,876
7387 3554 8138 5315,Armando Dominguez Dans,12/31,155
2613 5656 3954 4535,Alfredo Gonzalez Martinez,10/30,980
3174 4064 1092 8688,Gabriel Dominguez Narvaez,03/33,189
1993 1973 9809 6126,Gonzalo Reyes Pelaez,02/34,567
4585 6586 1292 8658,John Coll Morales,11/30,970
9389 8788 8918 8198,Jose Gonzalez Gibson,01/27,821
9138 5205 1032 5165,Francisco Padro Gibson,02/29,713
0131 4745 5255 8948,Margarita Gracia Gonzalez,11/29,991
9879 5626 2923 5245,Sofia Argudo Garau,11/32,338
9158 3214 4615 4675,Kate Marques Reyes,01/32,644
8868 1762 4014 0672,Kate Mojamuto Locke,11/31,693
4995 1682 1162 9509,Armando Avila Gracia,02/27,342
5706 0021 8087 9178,Gonzalo Mojamuto Garau,09/34,166
2363 9629 6166 1262,Emiliano Gibson Dans,07/31,690
5505 2383 4314 9138,Eva Moreno Reyes,05/31,577
2223 1042 5535 7217,Margarita Vallejo Gibson,06/28,842
4104 3614 8848 7467,Eva Poza Poza,09/26,520
0581 1662 4675 3564,Pedro Locke Lopez,02/34,155
6546 2963 7427 9629,Francisco Torres Ribera,08/27,448
3904 7187 2223 2133,Hugo Linus Garau,07/31,257
1222 3364 0521 8718,Alfredo Padro Coll,09/32,262
4425 5966 1452 3494,Randall Mas Lopez,11/30,650
9709 2583 3304 5766,Enjuto Gonzalez Pelaez,09/27,957
0231 5355 5585 5756,Eva Torres Pelaez,07/28,845
2203 3414 8328 6546,Francisco Narvaez Moss,09/33,387
9068 2693 0171 1482,Petra Dans Coll,12/26,944
1692 4565 4334 4755,Blas Locke Argudo,03/28,352
6796 5135 6086 0331,Alfredo Mojamuto Dominguez,03/33,105
3734 3134 1963 6646,Luisa Mojamuto Morales,11/32,671
3494 0271 5105 5525,Randall Pelaez Punset,10/28,596
9318 3324 9679 4685,Alfredo Argudo Lobo,03/32,681
1732 2113 9609 0882,Benjamin Martinez Mojamuto,02/31,398
6066 5315 1812 7337,Alfredo Poza Locke,12/32,980
5025 4795 4515 8117,John Mojamuto Gracia,11/26,797
4805 8097 7017 9789,Kate Gibson Punset,10/27,277
8458 4825 1732 9999,Gabriel Poza Ribas,01/32,403
8568 0291 5866 7087,Eva Poza Dans,08/28,087
6776 5986 0581 3574,Gonzalo Gonzalez Mas,07/26,874
3464 9549 2573 0471,Enjuto Coll Sparrow,09/27,474
7477 9559 9168 8918,Eva Cozar Sparrow,05/33,423
1122 0491 6406 5045,Kate Avila Martinez,05/27,648
4555 0762 8017 8478,Luis Mojamuto Cozar,07/30,881
8598 8468 2153 7037,Jose Pomares Pelaez,05/27,462
9328 9489 9058 8978,John Dans Locke,12/28,368
1852 8798 8598 5445,Hugo Martinez Sparrow,06/27,500
6256 4324 5786 3604,Margarita Ribera Pelaez,09/29,326
6126 8548 9689 2273,Hugo Locke Vallejo,07/28,632
4244 1462 3294 3123,Enjuto Punset Lopez,06/26,788
3944 1672 6907 4945,Clodoveo Dominguez Vallejo,08/30,445
5936 2793 4695 4144,Armando Argudo Gracia,04/28,582
2713 5646 0932 2913,Blas Cozar San,11/33,675
4004 5305 0181 0001,Eva Reyes Avila,02/33,491
1242 0601 7357 9909,Francisco Ribas Avila,12/27,080
2013 9168 8398 8328,Camilo Argudo Garau,05/34,952
6696 4284 2943 7957,Luisa Avila Dans,08/31,812
3184 6987 1953 1963,Jose Mas Mojamuto,02/27,759
5275 6216 9529 1432,Armando Pelaez Locke,09/29,969
6756 1132 2453 1943,Irene Torres Pelaez,05/30,217
1432 6386 9088 2253,Margarita Dominguez Pelaez,04/34,203
4605 4254 9939 4595,Camilo Linus Garau,01/28,817
1482 5185 4184 1772,Armando Linus Pomares,11/33,079
7567 5065 7727 6256,John Torres Ribera,07/30,971
9278 0371 3844 7307,Restituta Punset Punset,07/31,221
4194 3884 8037 5095,Irene Morales Sparrow,01/32,732
7657 2203 6766 5325,Alfredo Coll San,05/34,858
0201 2093 2043 7877,John Argudo Ribas,10/29,871
8388 7147 4154 2493,Restituta Mas Reyes,02/33,548
5175 6206 9919 1562,Luisa Poza Lopez,09/33,425
2543 7047 7827 7727,Jose Gibson Locke,03/33,225
2383 6016 4545 8698,Hugo Narvaez Mojamuto,06/34,774
0932 9248 8128 8968,John Mas Morales,05/29,214
6576 6816 9419 6977,Alberto Avila Morales,12/34,354
4164 2323 2613 7377,Margarita Torres Sparrow,04/33,610
2963 4465 8248 7667,Luis Lobo Punset,09/32,726
9619 5545 4054 3614,Randall Sparrow Locke,04/32,681
3003 8808 5626 2443,Jack Torres Mas,02/30,485
4294 7687 0001 2523,Alfredo Cozar Pelaez,05/33,851
0742 0031 0952 7707,Randall Martinez Reyes,09/34,931
0091 3274 3394 3364,Petra Gonzalez Pelaez,05/29,261
0331 6957 6366 9739,Pedro Linus Lobo,12/27,295
0011 7977 2643 4885,Luis Ribas Morales,01/32,473
8138 8288 4405 0421,Kate Moss Coll,11/29,008
0752 2893 0571 3023,Eva Ribera Dominguez,07/28,451
9719 0611 6466 5676,Randall Pelaez Lopez,08/32,141
6897 5595 8518 9128,Clodoveo Garau Cozar,07/32,849
5145 8318 8298 4935,Armando Cozar Argudo,08/27,158
6907 1692 5035 5886,Armando Marques Dominguez,10/29,407
7647 8178 6486 3864,Sofia Moss Poza,06/32,815
7397 4555 7757 3474,Jack Torres Garau,05/30,855
4254 7937 2963 5746,Blas Vallejo Torres,09/30,947
2033 3234 8618 1412,Alfredo Lobo Mojamuto,03/27,664
3934 0471 3724 9048,Emiliano Garau Pomares,11/31,095
5636 4905 4274 6967,Luis Argudo Lobo,08/34,425
4374 9298 2543 5716,Margarita Lobo Garau,10/26,898
8618 3654 4455 7737,Restituta Garau Ribas,10/34,171
6736 1472 2073 0992,Alberto Narvaez Pomares,11/30,577
8648 2373 2593 0501,Clodoveo Vallejo Coll,07/27,527
9198 4385 0441 0061,Armando Locke Torres,07/30,717
4314 1943 3924 1182,Blas Ribas Pelaez,04/27,896
3013 7707 6026 6446,Blas San Narvaez,08/33,295
9258 3584 5766 5656,John Punset Mas,08/30,918
5846 6186 8428 1462,Margarita Torres Cozar,10/30,270
7847 1182 7917 7997,Enjuto Vallejo Vallejo,03/30,325
5926 8498 0381 2663,Kate Ribera Gonzalez,06/30,109
2263 5055 8258 9068,Petra Dominguez Reyes,04/28,542
8538 7397 0662 5986,Luis Gonzalez Torres,08/30,276
8288 9278 5095 3894,Luisa Sparrow Moss,10/34,031
7117 9969 1973 2703,Alberto Poza San,10/30,086
5375 2763 3494 5275,Emiliano Gibson Mas,05/26,052
2093 0481 7527 8027,Sofia Argudo Lopez,02/34,348
4465 2553 2023 8248,Luisa Avila Padro,12/27,599
0561 0621 7697 5545,Pedro Martinez Locke,08/32,021
8638 4014 5375 4264,Pedro Avila Lobo,06/31,191
3694 2563 4935 9338,Hugo Marques Moreno,06/27,588
7527 3334 7497 2993,Blas Argudo Ribas,01/30,355
6486 5876 5656 7197,Francisco Marques Lopez,08/34,784
1622 0872 7637 2503,Eva Argudo Dans,02/30,787
1903 2833 0431 1913,Jose Reyes Cozar,10/28,085
3504 5846 2713 3033,Sofia Torres Padro,07/30,633
0311 2213 1993 4024,Emiliano Lopez Pomares,09/29,008
5746 3204 8658 7167,Eva Lopez Locke,04/29,677
4955 1252 0061 7227,Benjamin Coll Dans,12/32,986
2233 1072 4825 7177,Luis Gibson Lobo,05/27,487
1983 9949 7877 2893,Blas Lopez Ribas,03/27,559
9018 3974 4104 3164,Clodoveo Gracia Ribas,03/32,826
2913 6376 2333 5035,Blas Lobo Reyes,05/32,933
9689 8208 1832 8378,Margarita Linus Marques,12/27,579
7437 1772 7847 6286,Alberto Coll Lopez,03/26,201
0732 8488 2623 7717,Francisco Pelaez Gracia,05/31,881
7167 3003 9158 0201,Pedro Avila Padro,04/29,887
4044 3664 6576 4124,Petra Dans Lopez,11/33,352
0872 9959 9028 3534,Randall Morales Coll,03/30,474
1302 3314 3033 7277,Camilo Narvaez Moreno,05/34,590
9729 3574 7617 2303,Benjamin Cozar Dominguez,07/27,502
4885 5615 5936 4645,Armando Marques Reyes,05/29,616
9178 5415 1322 5585,Alfredo Garau Martinez,04/32,169
1502 7307 6666 9569,Irene Argudo Morales,10/26,280
3164 7277 3023 9449,Jose Torres Lobo,06/34,344
6666 8878 0291 9168,Eva Marques Narvaez,08/29,444
7217 1542 6606 7187,Blas Ribas Gonzalez,04/33,959
1352 8668 9629 2243,Jose Ribera Gonzalez,10/34,403
5686 0161 7537 3093,Pedro Morales Dominguez,10/32,672
0171 3284 3344 9729,Luisa Pelaez Mas,02/32,825
1052 5395 0561 4815,Randall Pelaez Lopez,12/28,221
1772 1822 5515 3984,Restituta Pomares Pomares,07/31,270
4144 1532 4415 6476,Restituta Lobo Lopez,03/33,630
8488 6856 2913 4194,Francisco Dans Pelaez,11/33,298
1512 8908 6476 7137,Jack Lopez Lopez,10/26,815
7937 8308 5085 2953,Pedro Mas Padro,11/29,703
5205 0581 1192 9379,Margarita Padro Lopez,07/34,514
7677 6026 1943 6316,Pedro Vallejo Dans,06/33,790
9999 9619 2033 8928,Restituta Poza Dans,11/30,316
6166 8758 8768 7787,Alberto Punset Locke,12/32,267
0221 4875 2473 5626,Enjuto Moreno Torres,07/32,158
3754 6656 6877 6927,Gabriel San Ribas,08/29,728
1943 3944 7587 7657,Petra Marques Vallejo,01/33,296
8958 5085 8538 3664,Benjamin Avila Ribas,08/34,417
9819 5916 6516 4354,Enjuto Cozar Poza,04/28,394
1062 8778 7397 0902,Irene Gracia Vallejo,12/29,348
0972 7847 3164 6666,Benjamin Ribera Lobo,09/32,778
8758 8638 1822 3434,Jack Pomares Narvaez,03/34,318
3434 5475 7817 3954,Enjuto Pomares Dominguez,06/27,623
3224 8258 1222 9919,Restituta Lopez Lobo,12/32,425
4855 2413 6846 3674,Benjamin Cozar San,01/30,941
0521 0201 0942 8958,Enjuto Moss Gibson,04/29,194
3664 2623 1182 7047,Gabriel Linus Mas,11/30,694
9288 5115 8378 4835,Eva Gonzalez Punset,08/34,844
8438 3934 3504 1702,John Padro Coll,12/26,492
3214 4244 2663 5816,Sofia Lopez Ribas,01/30,956
2293 1582 3364 0111,Restituta Torres Pomares,09/32,472
9899 3244 5275 3734,Francisco Moreno Gracia,02/34,582
4765 4194 7187 3704,Luisa Reyes Padro,03/28,795
1552 5245 9469 7507,Randall Narvaez Pomares,01/29,540
2623 3794 1542 2873,Hugo Pelaez Martinez,08/29,229
1883 6116 2383 9969,Blas Punset Moss,11/32,641
4264 7697 5475 4094,Camilo Vallejo Avila,11/32,806
2743 2613 6186 4455,Emiliano Sparrow Dominguez,12/33,885
0952 0842 9048 8067,Jose Narvaez Coll,03/32,582
8728 3744 0832 9839,Francisco Padro Cozar,04/33,467
5285 6997 4585 1762,Gabriel Linus Marques,09/32,349
0461 0111 1742 3744,Hugo Gracia Ribera,07/32,725
4965 0311 2303 0051,Petra Padro Punset,09/31,531
0371 3304 5776 4364,Francisco Padro Reyes,05/34,981
5415 9258 5846 5065,Petra Sparrow Lopez,01/27,192
2113 3834 8608 9479,Irene Dominguez Mas,07/32,899
2533 5265 2343 1202,Restituta Cozar Moreno,09/34,804
2683 0882 2673 1312,Margarita Martinez Argudo,08/34,521
6386 1883 0231 2363,Alberto Coll Dominguez,05/34,225
5395 1993 2793 4435,Jack Lopez Martinez,10/33,071
4675 9579 7367 0812,Eva Avila Torres,11/30,000
0632 7287 5215 9669,Randall Gracia Reyes,03/27,188
8698 4845 8738 5255,Randall Mas Mas,04/29,001
8268 4975 3824 0121,Kate Mas Mojamuto,03/33,772
6226 2873 8468 4775,Armando Avila Ribas,06/27,094
1642 0571 0481 8368,Camilo Dominguez Marques,06/29,934
3324 7597 8688 1222,Luis Poza Linus,03/26,819
8918 9008 7217 9929,Emiliano Locke Vallejo,08/27,527
2273 1632 1702 2413,Camilo Padro Pomares,01/31,078
3304 6947 8858 7387,Hugo Lobo Morales,05/28,202
6586 1112 4074 6696,Benjamin Moreno Pomares,03/32,302
9489 0091 5165 2853,Jack Dominguez Mas,03/27,312
9889 7327 1522 4975,Randall Cozar Ribera,10/32,113
5996 1502 7657 5385,Gabriel Punset Martinez,10/32,396
5265 8047 1062 6156,Randall Avila Pomares,10/32,502
7267 0832 4124 4014,Emiliano Reyes Morales,12/28,711
3364 8298 8758 0431,Armando Gibson Padro,06/33,797
1702 7667 6386 7027,Armando Lopez Locke,03/31,708
7837 5235 4715 1502,Francisco Torres Poza,06/29,888
7077 9348 4144 1082,Jose Lobo Dominguez,10/34,620
4455 4715 0361 2693,Francisco Moreno Gracia,08/34,607
5515 9228 9659 3063,Kate Gonzalez Padro,07/32,972
5545 0982 4324 1883,Benjamin Punset Cozar,02/26,721
5856 8188 1852 6456,Emiliano Reyes Moreno,02/28,013
6316 5455 4905 6706,Jack Reyes Ribas,12/33,524
0451 3954 6836 8388,Clodoveo Marques Morales,06/32,953
8248 1102 0391 3344,Gabriel Reyes Marques,09/34,808
7447 6706 8638 0011,Alfredo Gibson Moss,09/27,245
2883 4695 2163 0652,Gonzalo Avila Cozar,07/33,638
3134 5385 7037 1072,Eva Sparrow Pomares,03/32,749
5585 7927 3694 5205,Luisa Marques San,08/32,561
4685 0241 9138 0261,Alberto Reyes Locke,01/32,112
3714 2003 6776 4605,Clodoveo Linus Morales,05/33,804
9028 3384 2233 7887,Alfredo Reyes Ribera,08/29,201
0621 3294 6136 7357,Enjuto Gracia San,12/33,434
8848 4184 5856 1792,Margarita Coll Poza,07/27,269
9429 2843 5445 7567,Clodoveo Reyes Linus,04/34,059
1542 3484 2553 0591,Alberto Pelaez Pomares,05/28,244
7977 9609 9439 3964,Gabriel Dans Avila,06/28,259
9218 2823 5826 5055,Benjamin Gonzalez Gracia,01/32,757
5235 2083 9989 0191,Gonzalo Linus Martinez,07/29,927
6346 3914 2243 2453,Jack Pelaez Dominguez,01/34,495
1953 8658 0471 5565,Sofia Locke Moss,07/26,956
6656 7497 7737 8097,Luisa Moreno Marques,07/27,756
1592 2713 6356 6186,Randall Narvaez Cozar,08/34,321
9519 2783 4244 2623,Alfredo Pelaez San,06/33,153
7807 8408 1102 1342,Alfredo Narvaez Punset,01/30,837
7727 5565 4605 1142,Kate Martinez Padro,11/34,596
5776 1752 2843 2193,Clodoveo Lopez Argudo,05/32,769
9439 3184 7907 1292,Hugo Reyes Coll,05/33,873
8498 4044 8198 0872,Gabriel Sparrow Sparrow,05/29,957
3884 1852 7197 6236,Jose Torres Vallejo,06/32,892
0491 4955 0782 4995,Jack Torres Argudo,06/33,731
4575 5886 3264 9278,Eva Martinez Gibson,09/32,217
5305 1212 0642 4565,Jose Linus Marques,11/30,430
2523 7677 6546 0221,Jose Morales Marques,02/29,427
0942 8938 2813 5025,Blas Lopez Gibson,09/28,936
5946 7527 3574 3524,Jose Pomares Torres,01/28,290
4535 7997 5605 9769,Margarita Narvaez Ribas,03/29,449
2483 3434 0081 5475,Eva Locke Poza,03/26,980
6626 5996 7307 4825,Sofia Vallejo Gracia,02/26,059
3644 0051 6296 0792,Hugo Gibson San,03/31,418
2373 5425 1362 8618,Francisco Punset Poza,07/27,482
8928 9939 5335 9318,Camilo Narvaez Coll,02/29,062
6376 8458 6636 7537,Clodoveo Padro Dans,10/28,160
1132 8618 7667 4164,Irene Martinez Ribera,11/30,802
1462 4144 4084 9118,Camilo Moss Gracia,05/32,695
4154 1282 5175 1832,Enjuto Padro Dominguez,05/29,399
2733 8678 9749 3644,Randall Pomares Linus,12/27,098
2453 7167 2323 4545,Margarita Gracia Mas,08/33,779
0892 1712 3204 0942,Jack Argudo Lobo,02/27,136
1532 8138 4385 5215,Randall Gibson Moreno,12/29,623
5986 3063 7977 4725,Irene Ribas Coll,08/30,256
5796 8067 7227 3554,Enjuto Pelaez Gonzalez,05/30,121
3204 4775 8107 2903,Enjuto Reyes Punset,04/33,652
0672 4234 9258 8848,Gonzalo Garau Mojamuto,10/31,139
6866 3194 2973 8428,Gabriel Cozar Lopez,03/32,026
3844 3844 4525 2023,Gonzalo Padro San,09/32,682
2303 6897 1582 2943,Emiliano Pelaez Punset,08/31,458
1412 0181 9869 5015,Randall Narvaez Marques,10/29,584
4815 2103 2353 1162,Clodoveo Martinez Dans,03/32,134
5345 2943 4485 2773,Margarita Locke Linus,12/33,028
6706 6977 2773 6957,Clodoveo Cozar Dominguez,02/29,854
8938 8688 6646 5425,Benjamin Poza Gibson,12/29,023
2433 2983 3864 3043,Pedro Mas Narvaez,12/28,973
4054 6666 7107 8458,Emiliano Lopez Morales,04/33,199
8628 1923 4805 8308,Gabriel Torres Avila,09/30,635
7587 2143 9649 3504,Gonzalo Gonzalez Linus,07/30,440
0251 0902 3083 7617,Randall San Pelaez,07/28,730
9979 0692 5405 7897,Kate Mojamuto Poza,01/28,581
7947 4525 9759 6606,Alberto Mas Dans,02/28,932
3514 1872 2053 0151,Luis Pelaez Lobo,10/30,535
0772 9919 1903 3874,Alfredo Poza Martinez,01/32,282
1192 1012 2693 9779,Restituta Poza Argudo,08/28,727
6406 1222 7097 1442,Randall Gracia Martinez,11/33,166
5886 4655 9959 8568,Jack Ribera Pomares,04/29,644
8027 4985 5505 5395,Blas Garau Pomares,06/34,318
7737 8378 2703 6836,Irene Vallejo Narvaez,04/27,998
5575 6626 5265 7917,John Sparrow Vallejo,08/29,401
8978 6196 8678 8077,Blas Mojamuto Narvaez,07/28,257
1872 4645 9459 6776,Benjamin Gracia Torres,04/34,584
23,23,23,23
